<?xml version="1.0"?>
<doc>
    <assembly>
        <name>Prolliance.Membership.ServiceClients</name>
    </assembly>
    <members>
        <member name="M:Prolliance.Membership.ServiceClients.Manifests.AppManifestBase.ExportManifest">
            <summary>
            导出权限清单
            </summary>
            <returns></returns>
        </member>
        <member name="M:Prolliance.Membership.ServiceClients.Manifests.AppManifestBase.ExportManifestText">
            <summary>
            导出权限清单 JSON
            </summary>
            <returns></returns>
        </member>
        <member name="P:Prolliance.Membership.ServiceClients.Manifests.AppManifestBase.DynamicTargetList">
            <summary>
            动态权限清单
            </summary>
            <returns></returns>
        </member>
        <member name="T:Prolliance.Membership.ServiceClients.Manifests.AppManifestBase.TargetLite">
            <summary>
            用于批量导入轻量级 Target 序列化清单类型
            </summary>
        </member>
        <member name="T:Prolliance.Membership.ServiceClients.Manifests.AppManifestBase.OperationLite">
            <summary>
            用于批量导入轻量级 Operation 序列化清单类型
            </summary>
        </member>
        <member name="M:Prolliance.Membership.ServiceClients.Manifests.TargetManifestBase.#ctor">
            <summary>
            默认构造
            </summary>
        </member>
        <member name="T:Prolliance.Membership.ServiceClients.Models.App">
            <summary>
            应用类型 
            </summary>
        </member>
        <member name="M:Prolliance.Membership.ServiceClients.Models.App.#ctor">
            <summary>
            默认构造
            </summary>
        </member>
        <member name="M:Prolliance.Membership.ServiceClients.Models.App.ImportManifestText(System.String)">
            <summary>
            向 Membership 导入权限清单文本
            一般仅用于 Web 应用，在应用程序启动时间，仅调用一次
            </summary>
            <param name="manifest">权限清单 JSON 文本</param>
        </member>
        <member name="M:Prolliance.Membership.ServiceClients.Models.App.ImportManifest(System.Collections.Generic.List{Prolliance.Membership.ServiceClients.Models.Target})">
            <summary>
            向 Membership 导入权限对象列表
            一般仅用于 Web 应用，在应用程序启动时间，仅调用一次
            </summary>
            <param name="targetList">权限对象列表</param>
        </member>
        <member name="M:Prolliance.Membership.ServiceClients.Models.App.ImportManifest(Prolliance.Membership.ServiceClients.Manifests.AppManifestBase)">
            <summary>
            向 Membership 导入权限对象清单
            一般仅用于 Web 应用，在应用程序启动时间，仅调用一次
            </summary>
            <param name="targetList">权限清单对象</param>
        </member>
        <member name="M:Prolliance.Membership.ServiceClients.Models.App.GetTargetList">
            <summary>
            获取当前应用的所有权限对象
            </summary>
            <returns>权限对象列表</returns>
        </member>
        <member name="M:Prolliance.Membership.ServiceClients.Models.App.UpdateTargetList(System.Collections.Generic.List{Prolliance.Membership.ServiceClients.Models.Target})">
            <summary>
            更新一组权限对象（不会影响参数中不包括的 Target 对象，也不会影响已有的权限配置）
            </summary>
            <param name="targetList">权限对象列表</param>
        </member>
        <member name="M:Prolliance.Membership.ServiceClients.Models.App.AddTargetList(System.Collections.Generic.List{Prolliance.Membership.ServiceClients.Models.Target})">
            <summary>
            添加一组权限对象
            </summary>
            <param name="targetList">权限对象列表</param>
        </member>
        <member name="M:Prolliance.Membership.ServiceClients.Models.App.DeleteTargetList(System.Collections.Generic.List{Prolliance.Membership.ServiceClients.Models.Target})">
            <summary>
            删除一组权限对象
            </summary>
            <param name="targetList">权限对象列表</param>
        </member>
        <member name="M:Prolliance.Membership.ServiceClients.Models.App.AddOperationList(System.Collections.Generic.List{Prolliance.Membership.ServiceClients.Models.Operation})">
            <summary>
            添加一组权限操作
            </summary>
            <param name="operationList">权限操作列表</param>
        </member>
        <member name="M:Prolliance.Membership.ServiceClients.Models.App.DeleteOperationList(System.Collections.Generic.List{Prolliance.Membership.ServiceClients.Models.Operation})">
            <summary>
            删除一组权限操作
            </summary>
            <param name="operationList">权限操作列表</param>
            <returns></returns>
        </member>
        <member name="P:Prolliance.Membership.ServiceClients.Models.App.Key">
            <summary>
            应用标识
            </summary>
        </member>
        <member name="T:Prolliance.Membership.ServiceClients.Models.Organization">
            <summary>
            组织表模型 (唯一条件：Code)
            </summary>
        </member>
        <member name="M:Prolliance.Membership.ServiceClients.Models.Organization.GetAllOrganizationList">
            <summary>
            获取完整组织列表
            </summary>
            <returns>组织列表</returns>
        </member>
        <member name="M:Prolliance.Membership.ServiceClients.Models.Organization.GetOrganizationById(System.String)">
            <summary>
            通一个 Id 获取一个组织
            </summary>
            <param name="orgId">组织Id</param>
            <returns></returns>
        </member>
        <member name="M:Prolliance.Membership.ServiceClients.Models.Organization.GetOrganization(System.String)">
            <summary>
            通一个 Code 获取一个组织
            </summary>
            <param name="orgCode">组织Code</param>
            <returns></returns>
        </member>
        <member name="M:Prolliance.Membership.ServiceClients.Models.Organization.GetChildOrganizationList">
            <summary>
            获取所有子组织
            </summary>
            <returns></returns>
        </member>
        <member name="M:Prolliance.Membership.ServiceClients.Models.Organization.GetDeepChildOrganizationList">
            <summary>
            获取所有子组织(包括所有层级子级)
            </summary>
            <returns></returns>
        </member>
        <member name="M:Prolliance.Membership.ServiceClients.Models.Organization.GetUserList">
            <summary>
            获取部门下所有用户
            </summary>
            <returns></returns>
        </member>
        <member name="M:Prolliance.Membership.ServiceClients.Models.Organization.GetDeepUserList">
            <summary>
            获取部门下所有用户(包括所有子组织用户)
            </summary>
            <returns></returns>
        </member>
        <member name="M:Prolliance.Membership.ServiceClients.Models.Organization.GetPositionList">
            <summary>
            获取部门下的所有职位
            </summary>
            <returns>职位列表</returns>
        </member>
        <member name="M:Prolliance.Membership.ServiceClients.Models.Organization.GetDeepPositionList">
            <summary>
            获取部门下的所有职位 (包括子组织的职位)
            </summary>
            <returns>职位列表</returns>
        </member>
        <member name="P:Prolliance.Membership.ServiceClients.Models.Organization.Code">
            <summary>
            编码
            </summary>
        </member>
        <member name="P:Prolliance.Membership.ServiceClients.Models.Organization.Name">
            <summary>
            名称
            </summary>
        </member>
        <member name="P:Prolliance.Membership.ServiceClients.Models.Organization.FullName">
            <summary>
            全称
            </summary>
        </member>
        <member name="P:Prolliance.Membership.ServiceClients.Models.Organization.ParentId">
            <summary>
            上级ID
            </summary>
        </member>
        <member name="P:Prolliance.Membership.ServiceClients.Models.Organization.Type">
            <summary>
            类型
            </summary>
        </member>
        <member name="P:Prolliance.Membership.ServiceClients.Models.Organization.IsActive">
            <summary>
            是否可用
            </summary>
        </member>
        <member name="P:Prolliance.Membership.ServiceClients.Models.Organization.Sort">
            <summary>
            排序
            </summary>
        </member>
        <member name="T:Prolliance.Membership.ServiceClients.Models.Position">
            <summary>
            岗位表模型 (唯一条件：OrgCode + Code)
            </summary>
        </member>
        <member name="M:Prolliance.Membership.ServiceClients.Models.Position.GetPositionList">
            <summary>
            获取所有职位列表
            </summary>
            <returns>职位</returns>
        </member>
        <member name="M:Prolliance.Membership.ServiceClients.Models.Position.GetPosition(System.String,System.String)">
            <summary>
            通过组织代码和职位代码获取职位
            </summary>
            <param name="organizationCode">组织代码</param>
            <param name="positionCode">职位代码</param>
            <returns>职位</returns>
        </member>
        <member name="M:Prolliance.Membership.ServiceClients.Models.Position.GetPositionById(System.String)">
            <summary>
            通过职位id获了职位
            </summary>
            <param name="positionId">职位id</param>
            <returns>职位</returns>
        </member>
        <member name="M:Prolliance.Membership.ServiceClients.Models.Position.GetReportToList">
            <summary>
            获取汇报链的上级职位列表
            </summary>
            <returns>职位列表</returns>
        </member>
        <member name="M:Prolliance.Membership.ServiceClients.Models.Position.GetUserList">
            <summary>
            获取当前职位的用户列表
            </summary>
            <returns>职位列表</returns>
        </member>
        <member name="P:Prolliance.Membership.ServiceClients.Models.Position.OrganizationId">
            <summary>
            组织Code
            </summary>
        </member>
        <member name="P:Prolliance.Membership.ServiceClients.Models.Position.Code">
            <summary>
            Code
            </summary>
        </member>
        <member name="P:Prolliance.Membership.ServiceClients.Models.Position.Name">
            <summary>
            名称
            </summary>
        </member>
        <member name="P:Prolliance.Membership.ServiceClients.Models.Position.Type">
            <summary>
            类型 
            </summary>
        </member>
        <member name="P:Prolliance.Membership.ServiceClients.Models.Position.IsActive">
            <summary>
            是否启用
            </summary>
        </member>
        <member name="P:Prolliance.Membership.ServiceClients.Models.Position.Sort">
            <summary>
            排序
            </summary>
        </member>
        <member name="T:Prolliance.Membership.ServiceClients.Models.Role">
            <summary>
            角色表模型（唯一条件：Code）
            </summary>
        </member>
        <member name="M:Prolliance.Membership.ServiceClients.Models.Role.GetRoleList">
            <summary>
            获取所有角色列表
            </summary>
            <returns></returns>
        </member>
        <member name="M:Prolliance.Membership.ServiceClients.Models.Role.GetUserList">
            <summary>
            获取属于这个角色的所有用户
            </summary>
            <returns>用户列表</returns>
        </member>
        <member name="M:Prolliance.Membership.ServiceClients.Models.Role.GetOrganizationList">
            <summary>
            获取属于这个角色的所有组织
            </summary>
            <returns>组织列表</returns>
        </member>
        <member name="M:Prolliance.Membership.ServiceClients.Models.Role.GetPositionList">
            <summary>
            获取属于这个角色的所有职位
            </summary>
            <returns>职位列表</returns>
        </member>
        <member name="P:Prolliance.Membership.ServiceClients.Models.Role.Code">
            <summary>
            主键
            </summary>
        </member>
        <member name="P:Prolliance.Membership.ServiceClients.Models.Role.Name">
            <summary>
            名称
            </summary>
        </member>
        <member name="P:Prolliance.Membership.ServiceClients.Models.Role.Summary">
            <summary>
            描述
            </summary>
        </member>
        <member name="P:Prolliance.Membership.ServiceClients.Models.Role.IsActive">
            <summary>
            是否可用
            </summary>
        </member>
        <member name="P:Prolliance.Membership.ServiceClients.Models.Role.Sort">
            <summary>
            排序
            </summary>
        </member>
        <member name="T:Prolliance.Membership.ServiceClients.ServiceClient">
            <summary>
            SDK 客户端
            </summary>
        </member>
        <member name="M:Prolliance.Membership.ServiceClients.ServiceClient.Get``1(System.String,System.String,System.Object)">
            <summary>
            进行 Get 请求
            </summary>
            <typeparam name="T">返回值类型</typeparam>
            <param name="type">服务类别</param>
            <param name="method">请求的方法</param>
            <param name="data">传送的数据（匿名对象）</param>
            <returns>返回的对象</returns>
        </member>
        <member name="M:Prolliance.Membership.ServiceClients.ServiceClient.Post``1(System.String,System.String,System.Object)">
            <summary>
            进行 Post 请求
            </summary>
            <typeparam name="T">返回值类型</typeparam>
            <param name="type">服务类别</param>
            <param name="method">请求的方法</param>
            <param name="data">传送的数据（匿名对象）</param>
            <returns>返回的对象</returns>
        </member>
        <member name="M:Prolliance.Membership.ServiceClients.ServiceClient.Get``1(System.String,System.String,System.Collections.Generic.Dictionary{System.String,System.Object})">
            <summary>
            进行 Get 请求
            </summary>
            <typeparam name="T">返回值类型</typeparam>
            <param name="type">服务类别</param>
            <param name="method">请求的方法</param>
            <param name="data">传送的数据（字典）</param>
            <returns>返回的对象</returns>
        </member>
        <member name="M:Prolliance.Membership.ServiceClients.ServiceClient.Post``1(System.String,System.String,System.Collections.Generic.Dictionary{System.String,System.Object})">
            <summary>
            进行 Post 请求
            </summary>
            <typeparam name="T">返回值类型</typeparam>
            <param name="type">服务类别</param>
            <param name="method">请求的方法</param>
            <param name="data">传送的数据（字典）</param>
            <returns>返回的对象</returns>
        </member>
        <member name="M:Prolliance.Membership.ServiceClients.ServiceClient.Init(Prolliance.Membership.ServiceClients.ServiceOptions)">
            <summary>
            初始化 SDK
            </summary>
            <param name="options">初始化选项</param>
        </member>
        <member name="P:Prolliance.Membership.ServiceClients.ServiceClient.Options">
            <summary>
            参数配置对象
            </summary>
        </member>
        <member name="T:Prolliance.Membership.ServiceClients.Models.AuthParameter">
            <summary>
            登陆录参数
            </summary>
        </member>
        <member name="P:Prolliance.Membership.ServiceClients.Models.AuthParameter.Type">
            <summary>
            验证类型 
            </summary>
        </member>
        <member name="P:Prolliance.Membership.ServiceClients.Models.AuthParameter.Account">
            <summary>
            账号,必需唯一，必需指定
            </summary>
        </member>
        <member name="P:Prolliance.Membership.ServiceClients.Models.AuthParameter.Password">
            <summary>
            密码
            </summary>
        </member>
        <member name="P:Prolliance.Membership.ServiceClients.Models.AuthParameter.Device">
            <summary>
            设备
            </summary>
        </member>
        <member name="P:Prolliance.Membership.ServiceClients.Models.AuthParameter.DeviceId">
            <summary>
            设备ID
            </summary>
        </member>
        <member name="P:Prolliance.Membership.ServiceClients.Models.AuthParameter.Ip">
            <summary>
            IP
            </summary>
        </member>
        <member name="P:Prolliance.Membership.ServiceClients.Models.AuthParameter.AppKey">
            <summary>
            应用标识
            </summary>
        </member>
        <member name="P:Prolliance.Membership.ServiceClients.Models.AuthParameter.AppSecret">
            <summary>
            应用密钥
            </summary>
        </member>
        <member name="P:Prolliance.Membership.ServiceClients.Models.AuthParameter.AppIp">
            <summary>
            应用部署IP
            </summary>
        </member>
        <member name="T:Prolliance.Membership.ServiceClients.Models.AuthType">
            <summary>
            认证类型
            </summary>
        </member>
        <member name="F:Prolliance.Membership.ServiceClients.Models.AuthType.PASSWORD">
            <summary>
            密码认证方法（通过用户名和密码验证）
            </summary>
        </member>
        <member name="F:Prolliance.Membership.ServiceClients.Models.AuthType.CLIENT">
            <summary>
            仅客户端验证方式（通过接入应用信息验证）
            </summary>
        </member>
        <member name="F:Prolliance.Membership.ServiceClients.Models.AuthType.CODE">
            <summary>
            此种方式暂不支持
            授权码验证（用户在 Auth 页面完成身份验证，向应用发放授权 Code，应用通过 Code 和应用信息换取 Token）
            </summary>
        </member>
        <member name="F:Prolliance.Membership.ServiceClients.Models.AuthType.SIMPLIFY">
            <summary>
            简化模式（用户在 Auth 页面完成身份验证，直接向应用发放 Token）
            </summary>
        </member>
        <member name="T:Prolliance.Membership.ServiceClients.Models.Target">
            <summary>
            权限对象
            </summary>
        </member>
        <member name="M:Prolliance.Membership.ServiceClients.Models.Target.#ctor(System.String,System.String,System.String,System.String)">
            <summary>
            构造一个对象
            </summary>
            <param name="code">对象编码</param>
            <param name="name">对象名称</param>
            <param name="group">分组</param>
            <param name="summary">描述</param>
        </member>
        <member name="M:Prolliance.Membership.ServiceClients.Models.Target.#ctor">
            <summary>
            默认构造
            </summary>
        </member>
        <member name="P:Prolliance.Membership.ServiceClients.Models.Target.AppKey">
            <summary>
            应用标识
            </summary>
        </member>
        <member name="P:Prolliance.Membership.ServiceClients.Models.Target.Code">
            <summary>
            编码
            </summary>
        </member>
        <member name="P:Prolliance.Membership.ServiceClients.Models.Target.Name">
            <summary>
            名称
            </summary>
        </member>
        <member name="P:Prolliance.Membership.ServiceClients.Models.Target.Summary">
            <summary>
            描述
            </summary>
        </member>
        <member name="P:Prolliance.Membership.ServiceClients.Models.Target.Sort">
            <summary>
            排序
            </summary>
        </member>
        <member name="P:Prolliance.Membership.ServiceClients.Models.Target.Group">
            <summary>
            分组名称
            </summary>
        </member>
        <member name="P:Prolliance.Membership.ServiceClients.Models.Target.Scope">
            <summary>
            作用域动态表达式
            </summary>
        </member>
        <member name="T:Prolliance.Membership.ServiceClients.Models.Operation">
            <summary>
            针对权限对象的操作
            </summary>
        </member>
        <member name="M:Prolliance.Membership.ServiceClients.Models.Operation.#ctor">
            <summary>
            默认构造
            </summary>
        </member>
        <member name="M:Prolliance.Membership.ServiceClients.Models.Operation.#ctor(System.String,System.String)">
            <summary>
            通过权限对象代码和权限操作代码构造
            </summary>
            <param name="targetCode">权限对象编码</param>
            <param name="code">权限操作编码</param>
        </member>
        <member name="M:Prolliance.Membership.ServiceClients.Models.Operation.#ctor(System.String,System.String,System.String)">
            <summary>
            构造一个 Operation
            </summary>
            <param name="targetCode">对象编码</param>
            <param name="code">操作编码</param>
            <param name="name">操作名称</param>
        </member>
        <member name="M:Prolliance.Membership.ServiceClients.Models.Operation.#ctor(System.String,System.String,System.String,System.String)">
            <summary>
            构造一个 Operation
            </summary>
            <param name="targetCode">对象编码</param>
            <param name="code">操作编码</param>
            <param name="name">操作名称</param>
            <param name="summary">操作描述</param>
        </member>
        <member name="P:Prolliance.Membership.ServiceClients.Models.Operation.AppKey">
            <summary>
            应用标识
            </summary>
        </member>
        <member name="P:Prolliance.Membership.ServiceClients.Models.Operation.TargetCode">
            <summary>
            TargetCode 用于指定操作属于那个权限对象，必须指定
            </summary>
        </member>
        <member name="P:Prolliance.Membership.ServiceClients.Models.Operation.Code">
            <summary>
            Code 是指操作的编码，在同一个 TargetCode 下必须唯一，必须指定
            </summary>
        </member>
        <member name="P:Prolliance.Membership.ServiceClients.Models.Operation.Name">
            <summary>
            Name 为操作的名称，可以重复，必须指定
            </summary>
        </member>
        <member name="P:Prolliance.Membership.ServiceClients.Models.Operation.Summary">
            <summary>
            操作的说明信息，通常可以省略
            </summary>
        </member>
        <member name="T:Prolliance.Membership.ServiceClients.Models.User">
            <summary>
            用户类型
            </summary>
        </member>
        <member name="M:Prolliance.Membership.ServiceClients.Models.User.#ctor">
            <summary>
            默认构造
            </summary>
        </member>
        <member name="M:Prolliance.Membership.ServiceClients.Models.User.Login(Prolliance.Membership.ServiceClients.Models.AuthParameter)">
            <summary>
            登录
            </summary>
            <param name="parameter">登录信息</param>
            <returns>用户状态</returns>
        </member>
        <member name="M:Prolliance.Membership.ServiceClients.Models.User.GetState(System.String)">
            <summary>
            通过密钥获取一个用户状态
            </summary>
            <param name="token"></param>
            <returns>用户状态</returns>
        </member>
        <member name="M:Prolliance.Membership.ServiceClients.Models.User.GetUser(Prolliance.Membership.ServiceClients.Models.UserState)">
            <summary>
            获取当前用户
            </summary>
            <returns>用户</returns>
        </member>
        <member name="M:Prolliance.Membership.ServiceClients.Models.User.GetUserById(System.String)">
            <summary>
            通过id获取用户
            </summary>
            <param name="userId">用户Id</param>
            <returns>用户</returns>
        </member>
        <member name="M:Prolliance.Membership.ServiceClients.Models.User.GetUserByAccount(System.String)">
            <summary>
            通过账号获取一个用户
            </summary>
            <param name="account">账号</param>
            <returns>用户</returns>
        </member>
        <member name="M:Prolliance.Membership.ServiceClients.Models.User.GetAllUserList">
            <summary>
            获取所有用户
            </summary>
            <returns></returns>
        </member>
        <member name="M:Prolliance.Membership.ServiceClients.Models.User.GetUserListOfOrganization">
            <summary>
            获取所有属于至少一个组织用户
            </summary>
            <returns></returns>
        </member>
        <member name="M:Prolliance.Membership.ServiceClients.Models.User.Logout">
            <summary>
            登出（仅当前会话用户可以调用）
            </summary>
        </member>
        <member name="M:Prolliance.Membership.ServiceClients.Models.User.ChangePassword(System.String)">
            <summary>
            更改当前用户密码（仅当前会话用户可以调用）
            </summary>
        </member>
        <member name="M:Prolliance.Membership.ServiceClients.Models.User.CheckPermission(Prolliance.Membership.ServiceClients.Models.Operation)">
            <summary>
            检查权限（仅当前会话用户可以调用）
            </summary>
            <param name="operation">操作描述对象</param>
            <returns>逻辑结果</returns>
        </member>
        <member name="M:Prolliance.Membership.ServiceClients.Models.User.GetOperationList">
            <summary>
            获取权限操作列表（仅当前会话用户可以调用）
            </summary>
            <returns>权限操作列表</returns>
        </member>
        <member name="M:Prolliance.Membership.ServiceClients.Models.User.GetTargetList">
            <summary>
            获取权限对象列表（仅当前会话用户可以调用）
            </summary>
            <returns>权限对象列表</returns>
        </member>
        <member name="M:Prolliance.Membership.ServiceClients.Models.User.GetOrganizationList">
            <summary>
            获取当前用户所属的部门列表
            </summary>
            <returns>部门列表</returns>
        </member>
        <member name="M:Prolliance.Membership.ServiceClients.Models.User.GetPositionList">
            <summary>
            获取当前用户所属的职位列表
            </summary>
            <returns>职位列表</returns>
        </member>
        <member name="M:Prolliance.Membership.ServiceClients.Models.User.GetReportToList">
            <summary>
            获取当前用户汇报上级职位列表
            </summary>
            <returns></returns>
        </member>
        <member name="M:Prolliance.Membership.ServiceClients.Models.User.GetRoleList">
            <summary>
            获取当前用户所属的角色列表
            </summary>
            <returns>角色列表</returns>
        </member>
        <member name="M:Prolliance.Membership.ServiceClients.Models.User.ParseExpr(System.String)">
            <summary>
            以当前用户身份解析一段表达式
            </summary>
            <param name="expr">表达式</param>
            <returns>解析结果</returns>
        </member>
        <member name="P:Prolliance.Membership.ServiceClients.Models.User.State">
            <summary>
            当前登录状态
            </summary>
        </member>
        <member name="P:Prolliance.Membership.ServiceClients.Models.User.Account">
            <summary>
            账号
            </summary>
        </member>
        <member name="P:Prolliance.Membership.ServiceClients.Models.User.Name">
            <summary>
            姓名
            </summary>
        </member>
        <member name="P:Prolliance.Membership.ServiceClients.Models.User.Email">
            <summary>
            邮件
            </summary>
        </member>
        <member name="P:Prolliance.Membership.ServiceClients.Models.User.MobilePhone">
            <summary>
            手机
            </summary>
        </member>
        <member name="P:Prolliance.Membership.ServiceClients.Models.User.OfficePhone">
            <summary>
            办公电话
            </summary>
        </member>
        <member name="P:Prolliance.Membership.ServiceClients.Models.User.JianPin">
            <summary>
            简拼
            </summary>
        </member>
        <member name="P:Prolliance.Membership.ServiceClients.Models.User.QuanPin">
            <summary>
            全拼
            </summary>
        </member>
        <member name="P:Prolliance.Membership.ServiceClients.Models.User.IsActive">
            <summary>
            是否启用
            </summary>
        </member>
        <member name="T:Prolliance.Membership.ServiceClients.Models.UserState">
            <summary>
            用户状态
            </summary>
        </member>
        <member name="M:Prolliance.Membership.ServiceClients.Models.UserState.#ctor">
            <summary>
            默认构造
            </summary>
        </member>
        <member name="M:Prolliance.Membership.ServiceClients.Models.UserState.GetUser">
            <summary>
            根据状态获取用户
            </summary>
            <returns>用户</returns>
        </member>
        <member name="P:Prolliance.Membership.ServiceClients.Models.UserState.Account">
            <summary>
            账号
            </summary>
        </member>
        <member name="P:Prolliance.Membership.ServiceClients.Models.UserState.Token">
            <summary>
            会话秘钥
            </summary>
        </member>
        <member name="P:Prolliance.Membership.ServiceClients.Models.UserState.Device">
            <summary>
            设备
            </summary>
        </member>
        <member name="P:Prolliance.Membership.ServiceClients.Models.UserState.DeviceId">
            <summary>
            设备ID
            </summary>
        </member>
        <member name="P:Prolliance.Membership.ServiceClients.Models.UserState.Ip">
            <summary>
            IP
            </summary>
        </member>
        <member name="P:Prolliance.Membership.ServiceClients.Models.UserState.LastActive">
            <summary>
            最后活动时间
            </summary>
        </member>
        <member name="P:Prolliance.Membership.ServiceClients.ServiceErrorException.State">
            <summary>
            服务返回的状态
            </summary>
        </member>
        <member name="T:Prolliance.Membership.ServiceClients.ServiceOptions">
            <summary>
            ServiceCleint 参数配置对象
            </summary>
        </member>
        <member name="M:Prolliance.Membership.ServiceClients.ServiceOptions.#ctor(System.String,System.String,System.String)">
            <summary>
            构造一个服务选项对象
            </summary>
            <param name="serviceUri">服务器的 Uri</param>
            <param name="appKey">应用识别码</param>
            <param name="secret">应用密钥</param>
        </member>
        <member name="M:Prolliance.Membership.ServiceClients.ServiceOptions.#ctor">
            <summary>
            构造一个服务选项对象
            </summary>
        </member>
        <member name="P:Prolliance.Membership.ServiceClients.ServiceOptions.ServiceUri">
            <summary>
            Membership 服务器的 Uri
            </summary>
        </member>
        <member name="P:Prolliance.Membership.ServiceClients.ServiceOptions.AppKey">
            <summary>
            应用识别码
            </summary>
        </member>
        <member name="P:Prolliance.Membership.ServiceClients.ServiceOptions.Secret">
            <summary>
            应用密钥
            </summary>
        </member>
        <member name="T:Prolliance.Membership.ServiceClients.ServiceResult`1">
            <summary>
            服务响应结果
            </summary>
            <typeparam name="T"></typeparam>
        </member>
        <member name="M:Prolliance.Membership.ServiceClients.ServiceResult`1.#ctor">
            <summary>
            默认构造
            </summary>
        </member>
        <member name="M:Prolliance.Membership.ServiceClients.ServiceResult`1.#ctor(`0)">
            <summary>
            构造一个成功的响应
            </summary>
            <param name="data">响应数据</param>
        </member>
        <member name="M:Prolliance.Membership.ServiceClients.ServiceResult`1.#ctor(Prolliance.Membership.ServiceClients.ServiceState)">
            <summary>
            构造一个错误的响应
            </summary>
            <param name="state">错误响应状态</param>
        </member>
        <member name="P:Prolliance.Membership.ServiceClients.ServiceResult`1.State">
            <summary>
            响应的状态
            </summary>
        </member>
        <member name="P:Prolliance.Membership.ServiceClients.ServiceResult`1.Data">
            <summary>
            响应数据
            </summary>
        </member>
        <member name="T:Prolliance.Membership.ServiceClients.ServiceState">
            <summary>
            服务响应状态
            </summary>
        </member>
        <member name="F:Prolliance.Membership.ServiceClients.ServiceState.Success">
            <summary>
            成功
            </summary>
        </member>
        <member name="F:Prolliance.Membership.ServiceClients.ServiceState.Error">
            <summary>
            未知服务器错误
            </summary>
        </member>
        <member name="F:Prolliance.Membership.ServiceClients.ServiceState.InvalidAuth">
            <summary>
            无效的授权
            </summary>
        </member>
        <member name="F:Prolliance.Membership.ServiceClients.ServiceState.InvalidToken">
            <summary>
            无效的 Token
            </summary>
        </member>
        <member name="F:Prolliance.Membership.ServiceClients.ServiceState.InvalidAppCredentials">
            <summary>
            无效的 App 凭据
            </summary>
        </member>
        <member name="F:Prolliance.Membership.ServiceClients.ServiceState.InvalidUserCredentials">
            <summary>
            无效的用户身份凭据
            </summary>
        </member>
    </members>
</doc>
